word;label;value;num
alma;Miedo;0.066;3
desmayar;Sorpresa;0.53;3
espanto;Repulsion;0.264;3
horrible;Repulsion;0.764;3
mal;Repulsion;0.598;3
malo;Miedo;0.663;3
vejar;Repulsion;0.664;3
abominable;Miedo;0.797;2
abominar;Repulsion;0.797;2
aborrecer;Repulsion;0.966;2
aborrecible;Repulsion;0.966;2
aborrecimiento;Repulsion;0.966;2
abusar;Repulsion;0.697;2
admirable;Sorpresa;0.73;2
admirablemente;Sorpresa;0.663;2
admiración;Sorpresa;0.764;2
admirar;Sorpresa;0.73;2
agobiar;Tristeza;0.697;2
agraviar;Tristeza;0.331;2
altivo;Enojo;0.33;2
amargo;Tristeza;0.264;2
angustia;Tristeza;0.763;2
animadversión;Repulsion;0.664;2
ánimo;Enojo;0.099;2
animosidad;Repulsion;0.297;2
antipatía;Repulsion;0.662;2
antipático;Repulsion;0.728;2
aprensión;Repulsion;0.529;2
araña;Repulsion;0.429;2
asombro;Sorpresa;0.966;2
atormentar;Tristeza;0.53;2
atroz;Miedo;0.696;2
avergonzar;Tristeza;0.297;2
cocolía;Repulsion;0.631;2
compasión;Tristeza;0.63;2
compasivo;Tristeza;0.63;2
condolencia;Tristeza;0.796;2
confuso;Tristeza;0.231;2
consternación;Tristeza;0.595;2
convulsión;Miedo;0.33;2
cortar;Repulsion;0.165;2
decepción;Tristeza;0.898;2
decepcionar;Tristeza;0.898;2
delicado;Enojo;0.066;2
demonio;Miedo;0.63;2
desagradable;Repulsion;0.898;2
desagrado;Repulsion;0.798;2
desazón;Tristeza;0.165;2
descontento;Tristeza;0.397;2
desear;Enojo;0.033;2
desfallecer;Tristeza;0.429;2
desfallecimiento;Tristeza;0.429;2
desgracia;Tristeza;0.83;2
deshonrar;Tristeza;0.429;2
detestable;Repulsion;0.966;2
detestablemente;Repulsion;0.932;2
detestación;Repulsion;0.932;2
disgustar;Repulsion;0.595;2
disgusto;Repulsion;0.595;2
embobar;Sorpresa;0.099;2
encoger;Tristeza;0.264;2
enfermedad;Tristeza;0.629;2
espantar;Sorpresa;0.831;2
estremecer;Miedo;0.628;2
estupendo;Sorpresa;0.698;2
excitar;Enojo;0.265;2
execrable;Repulsion;0.763;2
fascinante;Sorpresa;0.73;2
fastidiar;Repulsion;0.53;2
fastidio;Repulsion;0.597;2
feo;Miedo;0.297;2
fobia;Repulsion;0.663;2
frío;Tristeza;0.198;2
furor;Enojo;0.566;2
grandioso;Sorpresa;0.63;2
grima;Repulsion;0.629;2
hartar;Enojo;0.898;2
hastiar;Repulsion;0.596;2
hechizo;Miedo;0.297;2
horrendo;Repulsion;0.731;2
horripilación;Repulsion;0.697;2
horror;Repulsion;0.764;2
horroroso;Repulsion;0.764;2
hostil;Repulsion;0.498;2
humor;Enojo;0.265;2
impactar;Sorpresa;0.732;2
impotente;Tristeza;0.464;2
impresionar;Sorpresa;0.865;2
injuriar;Repulsion;0.597;2
inmoral;Tristeza;0.464;2
inquina;Repulsion;0.665;2
insatisfecho;Tristeza;0.331;2
insulto;Repulsion;0.764;2
macanudo;Sorpresa;0.73;2
maldito;Tristeza;0.264;2
maligno;Miedo;0.764;2
malquerencia;Repulsion;0.798;2
malvado;Repulsion;0.798;2
manía;Repulsion;0.264;2
maravillar;Sorpresa;0.898;2
maravillosamente;Sorpresa;0.932;2
miedo;Sorpresa;0.297;2
molestar;Tristeza;0.132;2
muerte;Tristeza;0.865;2
nefasto;Tristeza;0.33;2
odio;Repulsion;0.764;2
ofensivo;Repulsion;0.697;2
ojeriza;Repulsion;0.662;2
opresión;Tristeza;0.264;2
panteón;Tristeza;0.563;2
pena;Tristeza;0.695;2
penumbra;Tristeza;0.364;2
perseguir;Tristeza;0.231;2
perverso;Tristeza;0.132;2
pestilente;Repulsion;0.864;2
podrir;Tristeza;0.297;2
putrefacción;Repulsion;0.865;2
rabia;Repulsion;0.763;2
rata;Repulsion;0.531;2
rencor;Repulsion;0.83;2
repudiar;Repulsion;0.898;2
repugnancia;Repulsion;0.932;2
repugnar;Repulsion;0.932;2
sangre;Repulsion;0.364;2
sangriento;Repulsion;0.496;2
sobrecoger;Sorpresa;0.397;2
sobrecogimiento;Sorpresa;0.431;2
suspenso;Sorpresa;0.529;2
susto;Sorpresa;0.663;2
temor;Tristeza;0.198;2
tenso;Miedo;0.496;2
tirria;Repulsion;0.629;2
tormento;Tristeza;0.53;2
tremendo;Sorpresa;0.429;2
vejación;Tristeza;0.297;2
vergonzoso;Tristeza;0.231;2
zaherir;Repulsion;0.697;2
alma;Tristeza;0.165;3
desmayar;Tristeza;0.099;3
espanto;Sorpresa;0.831;3
horrible;Sorpresa;0.429;3
mal;Tristeza;0.431;3
malo;Tristeza;0.265;3
vejar;Tristeza;0.396;3
alma;Alegria;0.397;3
desmayar;Miedo;0.363;3
espanto;Miedo;0.899;3
horrible;Miedo;0.83;3
mal;Enojo;0.53;3
malo;Enojo;0.561;3
vejar;Enojo;0.564;3
abominable;Enojo;0.53;2
abominar;Enojo;0.696;2
aborrecer;Enojo;0.798;2
aborrecible;Enojo;0.729;2
aborrecimiento;Enojo;0.663;2
abusar;Enojo;0.463;2
admirable;Alegria;0.764;2
admirablemente;Alegria;0.765;2
admiración;Alegria;0.765;2
admirar;Alegria;0.731;2
agobiar;Enojo;0.297;2
agraviar;Enojo;0.597;2
altivo;Alegria;0.132;2
amargo;Enojo;0.165;2
angustia;Miedo;0.797;2
animadversión;Enojo;0.497;2
ánimo;Alegria;0.864;2
animosidad;Enojo;0.132;2
antipatía;Enojo;0.662;2
antipático;Enojo;0.695;2
aprensión;Miedo;0.397;2
araña;Miedo;0.463;2
asombro;Alegria;0.396;2
atormentar;Enojo;0.664;2
atroz;Enojo;0.697;2
avergonzar;Miedo;0.33;2
cocolía;Enojo;0.53;2
compasión;Alegria;0.364;2
compasivo;Alegria;0.43;2
condolencia;Alegria;0.132;2
confuso;Miedo;0.099;2
consternación;Sorpresa;0.463;2
convulsión;Enojo;0.198;2
cortar;Miedo;0.297;2
decepción;Enojo;0.33;2
decepcionar;Enojo;0.297;2
delicado;Alegria;0.165;2
demonio;Enojo;0.497;2
desagradable;Enojo;0.53;2
desagrado;Enojo;0.595;2
desazón;Enojo;0.231;2
descontento;Enojo;0.629;2
desear;Alegria;0.396;2
desfallecer;Miedo;0.364;2
desfallecimiento;Miedo;0.43;2
desgracia;Miedo;0.629;2
deshonrar;Repulsion;0.63;2
detestable;Enojo;0.73;2
detestablemente;Enojo;0.662;2
detestación;Enojo;0.595;2
disgustar;Enojo;0.729;2
disgusto;Enojo;0.762;2
embobar;Alegria;0.298;2
encoger;Miedo;0.399;2
enfermedad;Repulsion;0.463;2
espantar;Miedo;0.899;2
estremecer;Alegria;0.495;2
estupendo;Alegria;0.864;2
excitar;Alegria;0.764;2
execrable;Miedo;0.429;2
fascinante;Alegria;0.932;2
fastidiar;Enojo;0.796;2
fastidio;Enojo;0.762;2
feo;Enojo;0.165;2
fobia;Miedo;0.932;2
frío;Miedo;0.099;2
furor;Alegria;0.496;2
grandioso;Alegria;0.564;2
grima;Enojo;0.465;2
hartar;Alegria;0.033;2
hastiar;Enojo;0.629;2
hechizo;Alegria;0.198;2
horrendo;Miedo;0.764;2
horripilación;Miedo;0.798;2
horror;Miedo;0.966;2
horroroso;Miedo;0.865;2
hostil;Enojo;0.564;2
humor;Alegria;0.73;2
impactar;Alegria;0.363;2
impotente;Miedo;0.396;2
impresionar;Alegria;0.397;2
injuriar;Enojo;0.563;2
inmoral;Repulsion;0.598;2
inquina;Enojo;0.463;2
insatisfecho;Enojo;0.462;2
insulto;Enojo;0.798;2
macanudo;Alegria;0.528;2
maldito;Enojo;0.665;2
maligno;Enojo;0.528;2
malquerencia;Enojo;0.396;2
malvado;Enojo;0.595;2
manía;Enojo;0.231;2
maravillar;Alegria;0.729;2
maravillosamente;Alegria;0.729;2
miedo;Miedo;0.932;2
molestar;Enojo;0.696;2
muerte;Miedo;0.865;2
nefasto;Repulsion;0.831;2
odio;Enojo;0.932;2
ofensivo;Enojo;0.696;2
ojeriza;Enojo;0.429;2
opresión;Enojo;0.396;2
panteón;Miedo;0.596;2
pena;Miedo;0.33;2
penumbra;Miedo;0.496;2
perseguir;Enojo;0.264;2
perverso;Repulsion;0.698;2
pestilente;Enojo;0.265;2
podrir;Repulsion;0.764;2
putrefacción;Repulsion;0.865;2
rabia;Enojo;0.898;2
rata;Miedo;0.231;2
rencor;Enojo;0.764;2
repudiar;Enojo;0.898;2
repugnancia;Enojo;0.765;2
repugnar;Enojo;0.798;2
sangre;Miedo;0.396;2
sangriento;Miedo;0.496;2
sobrecoger;Miedo;0.729;2
sobrecogimiento;Miedo;0.729;2
suspenso;Miedo;0.628;2
susto;Miedo;0.864;2
temor;Miedo;0.932;2
tenso;Enojo;0.264;2
tirria;Enojo;0.463;2
tormento;Enojo;0.365;2
tremendo;Miedo;0.564;2
vejación;Enojo;0.529;2
vergonzoso;Miedo;0.396;2
zaherir;Enojo;0.396;2
abajamiento;Tristeza;0.497;1
abajo;Tristeza;0.364;1
abandonamiento;Tristeza;0.865;1
abandonar;Tristeza;0.898;1
abatidamente;Tristeza;0.832;1
abatido;Tristeza;0.865;1
abatimiento;Tristeza;0.798;1
abatir;Tristeza;0.765;1
abierto;Sorpresa;0.298;1
abobamiento;Sorpresa;0.199;1
abobar;Sorpresa;0.298;1
abochornar;Tristeza;0.264;1
abominablemente;Repulsion;0.73;1
abominación;Enojo;0.464;1
aborreciblemente;Enojo;0.629;1
abrumar;Tristeza;0.43;1
abundancia;Alegria;0.83;1
aburrir;Tristeza;0.264;1
acabalar;Alegria;0.396;1
acallar;Alegria;0.198;1
acatar;Alegria;0.198;1
accidente;Miedo;0.696;1
acción;Alegria;0.397;1
aceptable;Alegria;0.594;1
aceptación;Alegria;0.696;1
acertijo;Sorpresa;0.531;1
aciago;Tristeza;0.563;1
acicate;Alegria;0.429;1
aclamación;Alegria;0.799;1
aclamar;Alegria;0.799;1
acobardar;Miedo;0.865;1
acogedor;Alegria;0.83;1
acoger;Alegria;0.729;1
acojonante;Sorpresa;0.73;1
acometedor;Enojo;0.463;1
acometer;Enojo;0.497;1
acometiente;Enojo;0.464;1
acometimiento;Enojo;0.431;1
acometividad;Enojo;0.397;1
acomodadamente;Alegria;0.729;1
acomplejado;Miedo;0.597;1
acongojar;Tristeza;0.796;1
acoquinamiento;Miedo;0.598;1
acoquinar;Miedo;0.831;1
acosar;Enojo;0.465;1
acribillar;Enojo;0.666;1
acrimonia;Enojo;0.363;1
acritud;Enojo;0.33;1
acuciar;Alegria;0.264;1
acucioso;Alegria;0.232;1
acuitadamente;Tristeza;0.463;1
acuitar;Tristeza;0.562;1
adecuar;Alegria;0.331;1
adicto;Alegria;0.429;1
adivinanza;Sorpresa;0.498;1
admiracion;Sorpresa;0.664;1
admitir;Alegria;0.53;1
adolecer;Tristeza;0.563;1
adorable;Alegria;0.898;1
adorablemente;Alegria;0.865;1
adoración;Alegria;0.765;1
adorador;Alegria;0.664;1
adorar;Alegria;0.764;1
adversario;Enojo;0.363;1
adversión;Repulsion;0.497;1
adverso;Tristeza;0.464;1
afable;Alegria;0.696;1
afán;Alegria;0.764;1
afectivo;Alegria;0.864;1
afecto;Alegria;0.899;1
afectuosamente;Alegria;0.966;1
afectuosidad;Alegria;0.932;1
afectuoso;Alegria;0.898;1
aferrar;Enojo;0.265;1
afervorizar;Alegria;0.731;1
afición;Alegria;0.729;1
aficionar;Alegria;0.595;1
aflicción;Tristeza;0.764;1
afligidamente;Tristeza;0.83;1
afligido;Tristeza;0.83;1
afligir;Tristeza;0.796;1
afortunadamente;Alegria;0.831;1
afortunado;Alegria;0.932;1
afrenta;Enojo;0.53;1
agarrar;Enojo;0.231;1
agenciar;Sorpresa;0.198;1
agobiado;Tristeza;0.764;1
agobiante;Tristeza;0.73;1
agobiantemente;Tristeza;0.73;1
agobio;Enojo;0.231;1
agradable;Alegria;0.899;1
agradar;Alegria;0.798;1
agradecer;Alegria;0.763;1
agradecido;Alegria;0.764;1
agravamiento;Enojo;0.397;1
agravante;Enojo;0.463;1
agravar;Enojo;0.43;1
agravio;Enojo;0.43;1
agresividad;Enojo;0.831;1
agresivo;Enojo;0.865;1
agresor;Enojo;0.83;1
agriado;Enojo;0.497;1
aguantar;Tristeza;0.364;1
agudeza;Alegria;0.331;1
agüero;Miedo;0.297;1
aguzar;Alegria;0.199;1
aherrojar;Tristeza;0.198;1
ahínco;Alegria;0.73;1
ahíto;Alegria;0.564;1
ahogo;Tristeza;0.463;1
ahuyentar;Miedo;0.696;1
airadamente;Enojo;0.596;1
airamiento;Enojo;0.563;1
airar;Enojo;0.663;1
airoso;Alegria;0.565;1
alabar;Alegria;0.53;1
alarma;Miedo;0.596;1
alarmado;Miedo;0.695;1
alarmante;Miedo;0.595;1
alarmar;Miedo;0.63;1
alborozar;Alegria;0.899;1
alborozo;Alegria;0.899;1
alcanzar;Sorpresa;0.265;1
alegrar;Alegria;0.966;1
alegre;Alegria;1;1
alegremente;Alegria;1;1
alegría;Alegria;1;1
alelamiento;Sorpresa;0.198;1
alelar;Sorpresa;0.132;1
alentar;Alegria;0.73;1
alergia;Repulsion;0.397;1
alertar;Miedo;0.53;1
alevosía;Enojo;0.396;1
alicaído;Tristeza;0.464;1
aliquebrado;Tristeza;0.497;1
aliviar;Alegria;0.763;1
alivio;Alegria;0.763;1
allegar;Alegria;0.364;1
altivez;Enojo;0.264;1
altruismo;Alegria;0.529;1
alzar;Alegria;0.298;1
amabilidad;Alegria;0.728;1
amable;Alegria;0.762;1
amablemente;Alegria;0.762;1
amante;Alegria;0.731;1
amar;Alegria;0.899;1
amargar;Enojo;0.363;1
amargor;Enojo;0.132;1
amargura;Tristeza;0.528;1
amartelado;Alegria;0.966;1
amartelar;Alegria;0.731;1
amativo;Alegria;0.764;1
amatorio;Alegria;0.832;1
ambición;Alegria;0.429;1
ambicioso;Alegria;0.363;1
amedentrar;Miedo;0.898;1
amedrentador;Miedo;0.831;1
amedrentamiento;Miedo;0.831;1
amenazar;Miedo;0.865;1
amigabilidad;Alegria;0.898;1
amigable;Alegria;0.898;1
amigablemente;Alegria;0.864;1
amigo;Alegria;0.898;1
amilanar;Miedo;0.831;1
amistad;Alegria;0.966;1
amistosamente;Alegria;0.898;1
amistoso;Alegria;0.966;1
amohinar;Enojo;0.599;1
amor;Alegria;0.966;1
amorosamente;Alegria;0.932;1
amorosidad;Alegria;0.898;1
amoroso;Alegria;0.898;1
amoscamiento;Enojo;0.397;1
ampolla;Repulsion;0.497;1
amuleto;Alegria;0.398;1
amurriar;Tristeza;0.697;1
angustiadamente;Tristeza;0.697;1
angustiado;Miedo;0.831;1
angustiar;Tristeza;0.729;1
angustiosamente;Miedo;0.831;1
angustioso;Tristeza;0.763;1
anhelo;Alegria;0.297;1
animación;Alegria;0.562;1
animado;Alegria;0.865;1
animar;Alegria;0.797;1
animoso;Alegria;0.83;1
aniquilar;Tristeza;0.463;1
anonadamiento;Sorpresa;0.765;1
anonadar;Sorpresa;0.731;1
ansioso;Miedo;0.264;1
antagónico;Enojo;0.199;1
antagonismo;Enojo;0.364;1
anticipar;Alegria;0.231;1
añicos;Tristeza;0.463;1
apabullar;Tristeza;0.429;1
apaciguar;Alegria;0.298;1
apasionadamente;Alegria;0.663;1
apasionamiento;Alegria;0.696;1
apasionante;Alegria;0.798;1
apego;Alegria;0.597;1
apenar;Tristeza;0.397;1
apesadumbrar;Enojo;0.495;1
apestar;Repulsion;0.831;1
apestoso;Repulsion;0.899;1
apetecer;Alegria;0.363;1
apiadarse;Tristeza;0.464;1
aplanar;Tristeza;0.166;1
aplastar;Tristeza;0.232;1
aplaudir;Alegria;0.797;1
aplauso;Alegria;0.763;1
apoteósico;Sorpresa;0.598;1
apreciar;Alegria;0.629;1
aprensivo;Miedo;0.364;1
aprobación;Alegria;0.596;1
aprobar;Alegria;0.664;1
aprobatorio;Alegria;0.732;1
aquejar;Tristeza;0.497;1
aquietar;Alegria;0.165;1
ardiente;Alegria;0.33;1
ardor;Alegria;0.265;1
armonía;Alegria;0.864;1
arrastradamente;Tristeza;0.297;1
arrastrar;Tristeza;0.198;1
arrebatamiento;Enojo;0.63;1
arrebato;Enojo;0.497;1
arredrar;Miedo;0.463;1
arreglar;Alegria;0.33;1
arrepentimiento;Tristeza;0.462;1
arrepentir;Tristeza;0.462;1
arrobo;Alegria;0.631;1
arrocinar;Sorpresa;0.165;1
arrojar;Enojo;0.496;1
arrojo;Alegria;0.363;1
asar;Enojo;0.165;1
asco;Repulsion;0.966;1
asediar;Enojo;0.364;1
asesinar;Miedo;0.73;1
asolar;Tristeza;0.53;1
asombramiento;Sorpresa;0.932;1
asombrar;Sorpresa;0.966;1
asombrosamente;Sorpresa;0.966;1
asombroso;Sorpresa;0.966;1
aspereza;Enojo;0.298;1
asqueadamente;Repulsion;0.932;1
asquear;Repulsion;0.932;1
asquerosamente;Repulsion;0.966;1
asqueroso;Repulsion;1;1
astroso;Repulsion;0.629;1
asurar;Enojo;0.398;1
asustadizo;Miedo;0.864;1
asustar;Miedo;0.864;1
atacar;Enojo;0.832;1
ataque;Enojo;0.899;1
atarantar;Sorpresa;0.132;1
atemorizado;Miedo;0.932;1
atemorizante;Miedo;0.932;1
atemorizar;Miedo;0.932;1
atento;Miedo;0.099;1
aterrado;Miedo;0.966;1
aterrador;Miedo;1;1
aterradoramente;Miedo;1;1
aterrar;Miedo;1;1
aterrorizador;Miedo;0.966;1
aterrorizar;Miedo;0.966;1
atizar;Enojo;0.465;1
atolondrar;Sorpresa;0.199;1
atónito;Sorpresa;0.799;1
atontamiento;Sorpresa;0.232;1
atontar;Sorpresa;0.232;1
atormentadamente;Tristeza;0.496;1
atosigar;Enojo;0.563;1
atrabiliario;Enojo;0.664;1
atracción;Alegria;0.663;1
atractivo;Alegria;0.696;1
atraer;Alegria;0.631;1
atrapar;Sorpresa;0.463;1
atrayente;Alegria;0.53;1
atrayentemente;Alegria;0.497;1
atribular;Tristeza;0.529;1
atrición;Tristeza;0.495;1
atrocidad;Enojo;0.331;1
atronar;Sorpresa;0.265;1
atropellar;Enojo;0.398;1
atropello;Enojo;0.397;1
atufar;Enojo;0.398;1
aturdimiento;Sorpresa;0.165;1
aturdir;Sorpresa;0.165;1
aturrullar;Sorpresa;0.165;1
aturullar;Sorpresa;0.165;1
autocomplacencia;Alegria;0.63;1
autorización;Alegria;0.397;1
autorrespeto;Alegria;0.598;1
autosatisfacción;Alegria;0.798;1
autosatisfecho;Alegria;0.796;1
autosuficiencia;Alegria;0.764;1
avergonzado;Miedo;0.297;1
aversión;Repulsion;0.629;1
ávido;Alegria;0.198;1
avivar;Alegria;0.33;1
azoramiento;Miedo;0.529;1
azorar;Miedo;0.696;1
azuzar;Enojo;0.264;1
bajo;Tristeza;0.264;1
baquetear;Enojo;0.365;1
barbaridad;Enojo;0.364;1
barbarie;Miedo;0.463;1
basca;Repulsion;0.865;1
bascosidad;Repulsion;0.798;1
bascoso;Repulsion;0.664;1
basura;Repulsion;0.796;1
batallar;Enojo;0.463;1
batir;Sorpresa;0.066;1
belicosidad;Enojo;0.53;1
belicoso;Enojo;0.53;1
beligerante;Enojo;0.396;1
benefactor;Alegria;0.562;1
beneficencia;Alegria;0.596;1
beneficiado;Alegria;0.83;1
beneficiar;Alegria;0.729;1
beneficio;Alegria;0.898;1
beneficiosamente;Alegria;0.797;1
beneficioso;Alegria;0.864;1
benéfico;Alegria;0.831;1
beneplácito;Alegria;0.564;1
benévolamente;Alegria;0.462;1
benevolencia;Alegria;0.462;1
benevolente;Alegria;0.528;1
benévolo;Alegria;0.495;1
benignamente;Alegria;0.465;1
benigno;Alegria;0.465;1
berrinche;Enojo;0.629;1
bien;Alegria;0.798;1
bienandanza;Alegria;0.765;1
bienaventurado;Alegria;0.831;1
bienaventuranza;Alegria;0.63;1
bienestar;Alegria;0.932;1
bienhechor;Alegria;0.695;1
bienquerencia;Alegria;0.729;1
bienquerer;Alegria;0.762;1
bilis;Enojo;0.532;1
birria;Repulsion;0.331;1
bizbirondo;Alegria;0.899;1
bizco;Sorpresa;0.265;1
blando;Alegria;0.198;1
blandura;Alegria;0.132;1
bobalicón;Sorpresa;0.066;1
bobo;Sorpresa;0.099;1
bochinche;Enojo;0.363;1
bombo;Sorpresa;0.331;1
bondad;Alegria;0.696;1
bondadosamente;Alegria;0.696;1
bondadoso;Alegria;0.763;1
bonhomía;Alegria;0.462;1
boquiabierto;Sorpresa;0.799;1
borracho;Repulsion;0.563;1
bravo;Enojo;0.563;1
brillante;Alegria;0.663;1
brío;Alegria;0.463;1
brioso;Alegria;0.463;1
bromear;Alegria;0.831;1
bruja;Miedo;0.495;1
brujo;Miedo;0.495;1
bruto;Sorpresa;0.165;1
bueno;Alegria;0.898;1
bufar;Enojo;0.532;1
bullanguero;Alegria;0.664;1
bullicioso;Alegria;0.664;1
burla;Alegria;0.364;1
burlar;Alegria;0.431;1
cabal;Alegria;0.264;1
cabizbajo;Tristeza;0.898;1
cabizcaído;Tristeza;0.898;1
cabrear;Enojo;0.597;1
caca;Repulsion;0.898;1
cadaver;Miedo;0.697;1
caer;Tristeza;0.528;1
caerse;Tristeza;0.462;1
caída;Tristeza;0.529;1
caído;Tristeza;0.528;1
calaca;Miedo;0.462;1
calamidad;Miedo;0.396;1
calamitoso;Miedo;0.363;1
calidez;Alegria;0.628;1
cálido;Alegria;0.43;1
caliente;Alegria;0.264;1
calmado;Alegria;0.231;1
calofrío;Miedo;0.463;1
calor;Alegria;0.099;1
calurosamente;Alegria;0.365;1
calvario;Tristeza;0.763;1
camaradería;Alegria;0.63;1
campante;Alegria;0.529;1
cancamurria;Tristeza;0.799;1
captivar;Alegria;0.43;1
capturar;Alegria;0.099;1
carcajada;Alegria;0.932;1
carcel;Tristeza;0.596;1
carecer;Tristeza;0.529;1
cargar;Tristeza;0.33;1
cargoso;Enojo;0.363;1
caridad;Alegria;0.63;1
cariño;Alegria;0.864;1
cariñosamente;Alegria;0.764;1
cariñoso;Alegria;0.83;1
caritativo;Alegria;0.63;1
carroña;Repulsion;0.864;1
castigo;Tristeza;0.595;1
cautivador;Alegria;0.628;1
cautivadoramente;Alegria;0.595;1
cautivar;Alegria;0.562;1
celebrar;Alegria;0.933;1
celo;Alegria;0.132;1
celos;Enojo;0.63;1
celosamente;Alegria;0.066;1
celoso;Alegria;0.033;1
cetrino;Tristeza;0.165;1
chalar;Enojo;0.232;1
chancear;Alegria;0.698;1
chanza;Alegria;0.598;1
chasco;Sorpresa;0.399;1
chinche;Enojo;0.396;1
chotear;Alegria;0.665;1
choteo;Alegria;0.564;1
chulear;Alegria;0.629;1
cicatriz;Repulsion;0.396;1
cinismo;Enojo;0.298;1
cizañar;Enojo;0.463;1
clemente;Alegria;0.264;1
coágulo;Repulsion;0.397;1
cochino;Repulsion;0.562;1
coger;Sorpresa;0.429;1
cogida;Alegria;0.199;1
cogollo;Alegria;0.066;1
cohibición;Miedo;0.463;1
cohibidamente;Miedo;0.43;1
cohibir;Miedo;0.496;1
cólera;Enojo;0.73;1
coléricamente;Enojo;0.83;1
colérico;Enojo;0.762;1
colmar;Alegria;0.165;1
colosal;Alegria;0.463;1
cómodamente;Alegria;0.629;1
comodidad;Alegria;0.662;1
cómodo;Alegria;0.695;1
compadecer;Tristeza;0.564;1
compañerismo;Alegria;0.73;1
compatibilidad;Alegria;0.496;1
compatible;Alegria;0.462;1
compatiblemente;Alegria;0.363;1
compensación;Alegria;0.331;1
complacencia;Alegria;0.629;1
complacer;Alegria;0.73;1
complacible;Alegria;0.595;1
complacido;Alegria;0.864;1
complaciente;Alegria;0.73;1
comprensivo;Alegria;0.562;1
compunción;Tristeza;0.464;1
compungidamente;Tristeza;0.331;1
compungir;Tristeza;0.397;1
concernir;Alegria;0.066;1
concitar;Enojo;0.363;1
condescender;Alegria;0.363;1
condescendiente;Alegria;0.396;1
condimento;Alegria;0.099;1
condoler;Tristeza;0.796;1
confiado;Alegria;0.297;1
confirmación;Alegria;0.363;1
confirmar;Alegria;0.363;1
confort;Alegria;0.596;1
confortable;Alegria;0.663;1
confortablemente;Alegria;0.595;1
confortación;Alegria;0.529;1
confortador;Alegria;0.496;1
confortar;Alegria;0.529;1
confraternidad;Alegria;0.73;1
confundir;Sorpresa;0.264;1
confusión;Sorpresa;0.264;1
congeniar;Alegria;0.628;1
congoja;Tristeza;0.496;1
congojoso;Tristeza;0.529;1
congraciar;Alegria;0.594;1
congratular;Alegria;0.731;1
conminar;Miedo;0.529;1
conmiseración;Alegria;0.066;1
conmoción;Sorpresa;0.631;1
conmocionar;Sorpresa;0.663;1
conmover;Alegria;0.165;1
conquista;Alegria;0.463;1
conseguir;Sorpresa;0.33;1
consenso;Alegria;0.33;1
consentimiento;Alegria;0.396;1
consideración;Alegria;0.396;1
considerar;Alegria;0.396;1
consolación;Alegria;0.397;1
consolador;Alegria;0.331;1
consolar;Alegria;0.397;1
consternar;Sorpresa;0.43;1
consuelo;Alegria;0.43;1
consumar;Alegria;0.364;1
contaminar;Repulsion;0.63;1
contemporizar;Alegria;0.165;1
contentar;Alegria;0.762;1
contento;Alegria;0.966;1
contrariar;Enojo;0.463;1
contrariedad;Enojo;0.331;1
contrición;Tristeza;0.429;1
contristar;Tristeza;0.663;1
contrito;Tristeza;0.63;1
conturbar;Sorpresa;0.632;1
copiosidad;Alegria;0.562;1
copioso;Alegria;0.462;1
coraje;Enojo;0.899;1
corajudo;Enojo;0.831;1
corazón;Alegria;0.33;1
cordial;Alegria;0.629;1
cordialidad;Alegria;0.663;1
cordialmente;Alegria;0.729;1
corroer;Enojo;0.297;1
corromper;Repulsion;0.596;1
cortedad;Miedo;0.165;1
cortesía;Alegria;0.695;1
cosquillear;Alegria;0.764;1
cosquilleo;Alegria;0.764;1
crecer;Alegria;0.53;1
crisis;Tristeza;0.696;1
crispar;Enojo;0.43;1
crucificar;Enojo;0.198;1
cruento;Miedo;0.33;1
cuenta;Enojo;0;1
cuidar;Alegria;0.33;1
cuita;Tristeza;0.73;1
cuitado;Tristeza;0.597;1
culminación;Alegria;0.398;1
culpa;Tristeza;0.598;1
culpabilidad;Tristeza;0.631;1
culpable;Tristeza;0.565;1
culpado;Tristeza;0.631;1
culposo;Tristeza;0.631;1
culto;Alegria;0.264;1
cumplido;Alegria;0.529;1
cumplimentar;Alegria;0.364;1
cumplir;Alegria;0.496;1
dañino;Tristeza;0.562;1
debilitar;Tristeza;0.33;1
decaer;Tristeza;0.729;1
decaído;Tristeza;0.831;1
decaimiento;Tristeza;0.797;1
decorativo;Alegria;0.363;1
dedicar;Alegria;0.462;1
defectuoso;Tristeza;0.33;1
deferencia;Alegria;0.495;1
deficiente;Tristeza;0.363;1
dejarse;Tristeza;0.233;1
dejazón;Tristeza;0.166;1
deleitar;Alegria;0.796;1
deléitese;Alegria;0.695;1
delicadeza;Alegria;0.264;1
delicia;Alegria;0.663;1
demente;Enojo;0.364;1
denigrar;Enojo;0.496;1
deplorable;Tristeza;0.563;1
deplorablemente;Tristeza;0.563;1
deplorar;Tristeza;0.53;1
depresión;Tristeza;0.898;1
depresivo;Tristeza;0.898;1
deprimente;Tristeza;0.898;1
deprimir;Tristeza;0.864;1
derribado;Tristeza;0.563;1
derribar;Tristeza;0.431;1
derrota;Tristeza;0.764;1
desaforo;Enojo;0.132;1
desafortunado;Tristeza;0.898;1
desagradablemente;Repulsion;0.831;1
desagradar;Enojo;0.628;1
desagraviar;Alegria;0.231;1
desahogo;Alegria;0.363;1
desairar;Enojo;0.53;1
desaire;Enojo;0.53;1
desalentadamente;Tristeza;0.797;1
desalentar;Tristeza;0.764;1
desaliento;Tristeza;0.797;1
desalojar;Tristeza;0.496;1
desamparar;Tristeza;0.629;1
desamparo;Tristeza;0.596;1
desanimado;Tristeza;0.729;1
desanimar;Tristeza;0.729;1
desánimo;Tristeza;0.762;1
desaprobar;Enojo;0.463;1
desaquellar;Tristeza;0.596;1
desarrapado;Tristeza;0.198;1
desasosegar;Repulsion;0.298;1
desastrado;Tristeza;0.232;1
desazonar;Tristeza;0.165;1
descaecimiento;Tristeza;0.331;1
descaro;Enojo;0.563;1
descomponer;Tristeza;0.264;1
descomposicón;Repulsion;0.763;1
descomunalmente;Sorpresa;0.798;1
desconcertar;Sorpresa;0.664;1
desconcierto;Sorpresa;0.631;1
desconsolado;Tristeza;0.83;1
desconsolador;Tristeza;0.73;1
desconsolar;Tristeza;0.73;1
desconsuelo;Tristeza;0.83;1
descontentar;Enojo;0.562;1
descorazonamiento;Tristeza;0.43;1
descorazonar;Tristeza;0.463;1
descuajar;Tristeza;0.198;1
descuidar;Sorpresa;0.363;1
desdén;Enojo;0.463;1
desdeñar;Enojo;0.397;1
desdicha;Tristeza;0.83;1
desdichado;Tristeza;0.83;1
deseable;Enojo;0.099;1
desempeñar;Alegria;0.463;1
desempeño;Alegria;0.529;1
desengaño;Tristeza;0.663;1
desenvoltura;Alegria;0.264;1
deseoso;Alegria;0.398;1
desesperación;Tristeza;0.464;1
desesperadamente;Tristeza;0.464;1
desesperado;Miedo;0.33;1
desesperante;Enojo;0.496;1
desesperanza;Tristeza;0.698;1
desesperanzar;Tristeza;0.764;1
desesperar;Tristeza;0.332;1
desestimar;Tristeza;0.265;1
desestimular;Tristeza;0.264;1
desgarrador;Tristeza;0.564;1
desgarro;Tristeza;0.397;1
desgastar;Tristeza;0.365;1
desgraciar;Tristeza;0.73;1
deshecho;Tristeza;0.531;1
deshincharse;Tristeza;0.099;1
desierto;Tristeza;0.099;1
desinflar;Tristeza;0.198;1
deslucir;Tristeza;0.132;1
deslumbramiento;Sorpresa;0.597;1
deslumbrantemente;Sorpresa;0.664;1
deslumbrar;Sorpresa;0.664;1
desmadejado;Tristeza;0.165;1
desmalazado;Tristeza;0.264;1
desmán;Enojo;0.529;1
desmayadamente;Tristeza;0.132;1
desmayado;Tristeza;0.132;1
desmoralización;Tristeza;0.529;1
desmoralizador;Tristeza;0.595;1
desmoralizante;Tristeza;0.595;1
desmoralizar;Tristeza;0.562;1
desmotivar;Tristeza;0.762;1
desolación;Tristeza;0.762;1
desolar;Tristeza;0.729;1
desorden;Enojo;0.496;1
desorientado;Miedo;0.132;1
despampanante;Sorpresa;0.833;1
despavorir;Miedo;0.864;1
despecho;Enojo;0.662;1
despeluznante;Miedo;0.831;1
despeluznar;Miedo;0.696;1
despenar;Alegria;0.297;1
desperdicio;Repulsion;0.562;1
despertar;Alegria;0.198;1
despiadadamente;Miedo;0.663;1
despiadado;Miedo;0.663;1
despistar;Sorpresa;0.297;1
desplacer;Enojo;0.595;1
despojar;Tristeza;0.496;1
desposeer;Tristeza;0.297;1
despreciar;Enojo;0.696;1
desprecio;Enojo;0.696;1
despreocupación;Alegria;0.563;1
desprevenido;Sorpresa;0.661;1
desprivar;Tristeza;0.264;1
desprotección;Tristeza;0.264;1
desprotegido;Tristeza;0.363;1
desquiciante;Enojo;0.83;1
desquiciar;Enojo;0.898;1
destartalado;Tristeza;0.33;1
destemplar;Enojo;0.397;1
destrozo;Tristeza;0.562;1
desvarío;Enojo;0.231;1
desventura;Tristeza;0.729;1
desventurado;Tristeza;0.629;1
detestar;Enojo;0.663;1
devastar;Tristeza;0.764;1
devoción;Alegria;0.497;1
devoto;Alegria;0.463;1
diablo;Miedo;0.664;1
diantre;Enojo;0.432;1
diarrea;Repulsion;0.697;1
dicha;Alegria;0.731;1
dichosamente;Alegria;0.764;1
dichoso;Alegria;0.832;1
dignificar;Alegria;0.462;1
dilección;Alegria;0.563;1
discordia;Enojo;0.562;1
discrepancia;Enojo;0.33;1
disfrutar;Alegria;0.83;1
disfrute;Alegria;0.898;1
displacer;Enojo;0.463;1
disputa;Enojo;0.763;1
distanciamiento;Repulsion;0.363;1
distraído;Sorpresa;0.463;1
divertidamente;Alegria;0.966;1
divertidísimamente;Alegria;1;1
divertido;Alegria;1;1
divertir;Alegria;0.966;1
divinizar;Alegria;0.363;1
divino;Alegria;0.563;1
doler;Tristeza;0.764;1
doliente;Tristeza;0.832;1
dolor;Tristeza;0.832;1
dolorido;Tristeza;0.832;1
doloroso;Tristeza;0.866;1
doloso;Enojo;0.397;1
donaire;Alegria;0.396;1
duelo;Tristeza;0.497;1
dulce;Alegria;0.562;1
dulzura;Alegria;0.663;1
echar;Tristeza;0.099;1
edificante;Alegria;0.497;1
edificar;Alegria;0.363;1
efusión;Alegria;0.497;1
efusivamente;Alegria;0.73;1
efusivo;Alegria;0.764;1
ejemplo;Alegria;0.231;1
elección;Alegria;0.264;1
elegante;Alegria;0.231;1
elevar;Alegria;0.165;1
elogio;Alegria;0.463;1
embebecer;Alegria;0.596;1
embelesar;Alegria;0.596;1
embeleso;Alegria;0.497;1
embestir;Enojo;0.564;1
embobamiento;Sorpresa;0.132;1
embobecer;Sorpresa;0.165;1
emborrachar;Alegria;0.562;1
embravecer;Enojo;0.731;1
embriagar;Alegria;0.562;1
embromar;Alegria;0.595;1
embrujar;Alegria;0.132;1
embrujo;Alegria;0.099;1
embrutecer;Sorpresa;0.165;1
emoción;Alegria;0.798;1
emocionante;Alegria;0.831;1
emocionar;Alegria;0.831;1
emotivo;Alegria;0.763;1
empalagamiento;Repulsion;0.33;1
empalagar;Repulsion;0.33;1
empalagoso;Repulsion;0.363;1
empatía;Alegria;0.462;1
empático;Alegria;0.396;1
empeño;Alegria;0.396;1
emperrarse;Enojo;0.764;1
emponzoñar;Enojo;0.665;1
emporcar;Repulsion;0.595;1
enajenación;Enojo;0.397;1
enajenar;Enojo;0.33;1
enaltecer;Alegria;0.496;1
enamoramiento;Alegria;0.864;1
enamorar;Alegria;0.831;1
encabritar;Enojo;0.83;1
encalabrinar;Enojo;0.563;1
encalmar;Alegria;0.198;1
encandilar;Sorpresa;0.597;1
encantado;Alegria;0.495;1
encantador;Alegria;0.695;1
encanto;Alegria;0.562;1
encocorar;Enojo;0.664;1
encolerizar;Enojo;0.83;1
encomiar;Alegria;0.529;1
enconar;Enojo;0.331;1
encono;Enojo;0.298;1
encorajinar;Enojo;0.831;1
encuitar;Tristeza;0.232;1
endemoniar;Enojo;0.83;1
endiosar;Alegria;0.396;1
enemigo;Enojo;0.83;1
enemistad;Enojo;0.831;1
enemistoso;Enojo;0.797;1
energía;Alegria;0.496;1
enérgico;Enojo;0.431;1
enervar;Tristeza;0.231;1
enfadado;Enojo;0.932;1
enfadar;Enojo;0.898;1
enfado;Enojo;0.898;1
enfadoso;Enojo;0.864;1
enfermizo;Repulsion;0.496;1
enfermo;Repulsion;0.564;1
enfierecido;Enojo;0.864;1
enflaquecer;Tristeza;0.563;1
enfriar;Miedo;0.066;1
enfurecer;Enojo;0.932;1
enfurecimiento;Enojo;0.864;1
enfurruñamiento;Enojo;0.696;1
enganza;Enojo;0.596;1
engativamente;Enojo;0.563;1
engorro;Enojo;0.264;1
engorroso;Enojo;0.264;1
engrandecer;Alegria;0.53;1
enigma;Sorpresa;0.565;1
enloquecedor;Enojo;0.463;1
enloquecer;Enojo;0.463;1
enloquecimiento;Enojo;0.43;1
enlutar;Tristeza;0.797;1
enmudecer;Sorpresa;0.664;1
ennoblecer;Alegria;0.463;1
enojadizo;Enojo;0.864;1
enojado;Enojo;0.966;1
enojamiento;Enojo;0.898;1
enojar;Enojo;0.966;1
enojo;Enojo;0.966;1
enojosamente;Enojo;0.932;1
enojoso;Enojo;0.932;1
enorgullecer;Alegria;0.797;1
enrabiar;Enojo;0.966;1
enrabietar;Enojo;0.932;1
ensañamiento;Enojo;0.596;1
ensañar;Enojo;0.596;1
ensombrecer;Tristeza;0.697;1
ensuciar;Repulsion;0.662;1
enternecimiento;Alegria;0.564;1
entontecer;Sorpresa;0.198;1
entontecimiento;Sorpresa;0.099;1
entraña;Alegria;0.099;1
entrañable;Alegria;0.298;1
entrar;Alegria;0.165;1
entregar;Alegria;0.231;1
entristecedor;Tristeza;0.899;1
entristecer;Tristeza;0.932;1
entristecimiento;Tristeza;0.899;1
entuerto;Enojo;0.298;1
entusiasmado;Alegria;0.864;1
entusiasmar;Alegria;0.83;1
entusiasmo;Alegria;0.864;1
entusiasta;Alegria;0.864;1
envenenar;Enojo;0.364;1
envidia;Enojo;0.496;1
envidioso;Enojo;0.462;1
envilecer;Repulsion;0.798;1
erótico;Alegria;0.529;1
escalofrío;Miedo;0.73;1
escandalizar;Enojo;0.297;1
escándalo;Enojo;0.198;1
escarmentar;Tristeza;0.331;1
escasez;Tristeza;0.398;1
escaso;Tristeza;0.365;1
escrúpulo;Repulsion;0.33;1
espantable;Miedo;0.831;1
espantadizo;Miedo;0.899;1
espantoso;Miedo;0.899;1
espectacular;Alegria;0.563;1
espeluznante;Miedo;0.932;1
espeluznar;Miedo;0.932;1
esperanza;Alegria;0.495;1
esperanzado;Alegria;0.496;1
esperpento;Miedo;0.529;1
espiritu;Miedo;0.231;1
espléndido;Alegria;0.696;1
esplín;Tristeza;0.466;1
estafar;Enojo;0.43;1
estiércol;Repulsion;0.73;1
estimar;Alegria;0.629;1
estimulante;Alegria;0.497;1
estimular;Alegria;0.496;1
estólido;Sorpresa;0.099;1
estorbar;Enojo;0.331;1
estorbo;Enojo;0.331;1
estragar;Tristeza;0.165;1
estrellas;Sorpresa;0.232;1
estropear;Enojo;0.53;1
estruendo;Sorpresa;0.497;1
estupefacción;Sorpresa;0.798;1
estupefacto;Sorpresa;0.899;1
estupendamente;Sorpresa;0.664;1
estúpido;Sorpresa;0.099;1
estupor;Sorpresa;0.765;1
euforia;Alegria;0.663;1
eufórico;Alegria;0.663;1
euforizante;Alegria;0.663;1
exabrupto;Enojo;0.663;1
exacerbación;Enojo;0.729;1
exacerbante;Enojo;0.729;1
exacerbar;Enojo;0.73;1
exagerar;Enojo;0.33;1
exaltar;Alegria;0.563;1
exasperación;Enojo;0.63;1
exasperante;Enojo;0.696;1
exasperar;Enojo;0.696;1
excandecencia;Enojo;0.731;1
excelente;Alegria;0.763;1
exceso;Enojo;0.198;1
excitante;Alegria;0.864;1
exclamación;Sorpresa;0.497;1
excremento;Repulsion;0.798;1
execrablemente;Repulsion;0.763;1
execrar;Enojo;0.299;1
exhortar;Alegria;0.165;1
éxito;Alegria;0.864;1
exorcismo;Miedo;0.629;1
expansivo;Alegria;0.363;1
expectación;Alegria;0.264;1
expectativa;Alegria;0.297;1
explosión;Alegria;0.198;1
expresión;Alegria;0.297;1
extasiante;Alegria;0.796;1
extasiar;Alegria;0.762;1
extenso;Alegria;0.099;1
extrañar;Sorpresa;0.198;1
extrañeza;Sorpresa;0.464;1
extraordinario;Sorpresa;0.665;1
exuberante;Alegria;0.396;1
exuberantemente;Alegria;0.363;1
exultar;Alegria;0.796;1
fabuloso;Sorpresa;0.597;1
familiar;Alegria;0.529;1
familiaridad;Alegria;0.629;1
fantasía;Alegria;0.596;1
fantasma;Miedo;0.596;1
fantásticamente;Sorpresa;0.696;1
fantástico;Sorpresa;0.763;1
fascinacion;Sorpresa;0.663;1
fascinación;Alegria;0.898;1
fascinado;Alegria;0.898;1
fascinar;Alegria;0.731;1
fastidiado;Enojo;0.729;1
fastidiante;Enojo;0.729;1
fastidioso;Enojo;0.762;1
fasto;Alegria;0.265;1
fastuoso;Alegria;0.363;1
fausto;Alegria;0.363;1
favor;Alegria;0.33;1
favorable;Alegria;0.596;1
favorablemente;Alegria;0.563;1
favorecedor;Alegria;0.562;1
favorecimiento;Alegria;0.562;1
fealdad;Miedo;0.396;1
felicidad;Alegria;1;1
felicitar;Alegria;0.831;1
feliz;Alegria;0.966;1
felizmente;Alegria;0.966;1
feraz;Alegria;0.33;1
fervor;Alegria;0.597;1
fervoroso;Alegria;0.564;1
festivo;Alegria;0.729;1
fetiche;Alegria;0.265;1
fétido;Repulsion;0.898;1
fibra;Alegria;0;1
fidelidad;Alegria;0.43;1
fiebre;Alegria;0.132;1
fiel;Alegria;0.463;1
fiera;Enojo;0.53;1
fiesta;Alegria;0.83;1
fijar;Alegria;0.132;1
fila;Repulsion;0.366;1
filantropo;Alegria;0.463;1
final;Alegria;0.198;1
fino;Alegria;0.198;1
flaquear;Tristeza;0.396;1
flaqueza;Tristeza;0.363;1
flébil;Tristeza;0.697;1
flechar;Alegria;0.297;1
florecer;Alegria;0.595;1
fogosidad;Alegria;0.561;1
fracaso;Enojo;0.43;1
fraternidad;Alegria;0.595;1
fraternizar;Alegria;0.529;1
frenético;Enojo;0.496;1
friolero;Miedo;0.099;1
fruncir;Enojo;0.496;1
frustación;Tristeza;0.396;1
frustrar;Sorpresa;0.165;1
fúnebre;Tristeza;0.696;1
fúnebremente;Tristeza;0.662;1
funeral;Tristeza;0.763;1
funerario;Tristeza;0.764;1
funesto;Tristeza;0.497;1
furia;Enojo;0.866;1
furibundamente;Enojo;0.831;1
furibundo;Enojo;0.831;1
furiosamente;Enojo;0.933;1
furioso;Enojo;0.833;1
fustigar;Enojo;0.397;1
gala;Alegria;0.297;1
gallina;Miedo;0.265;1
gana;Alegria;0.463;1
ganar;Alegria;0.764;1
gases;Repulsion;0.663;1
gelatinoso;Repulsion;0.231;1
generosidad;Alegria;0.628;1
generoso;Alegria;0.628;1
genial;Alegria;0.864;1
genio;Enojo;0.43;1
gloria;Alegria;0.797;1
gloriar;Alegria;0.562;1
glorificar;Alegria;0.529;1
goce;Alegria;0.763;1
golpe;Sorpresa;0.265;1
gozar;Alegria;0.831;1
gozo;Alegria;0.831;1
gozosamente;Alegria;0.765;1
gozoso;Alegria;0.798;1
gracia;Alegria;0.597;1
gracioso;Alegria;0.83;1
grande;Alegria;0.396;1
gratificador;Alegria;0.664;1
gratificante;Alegria;0.697;1
gratificar;Alegria;0.598;1
gratis;Alegria;0.563;1
grato;Alegria;0.663;1
grave;Tristeza;0.463;1
gris;Tristeza;0.564;1
gritar;Sorpresa;0.528;1
grito;Sorpresa;0.528;1
gruñón;Enojo;0.763;1
guácala;Repulsion;0.966;1
guasa;Alegria;0.429;1
guerra;Enojo;0.832;1
gusano;Repulsion;0.462;1
gustar;Alegria;0.596;1
gusto;Alegria;0.629;1
gustoso;Alegria;0.762;1
halagar;Alegria;0.563;1
halagüeño;Alegria;0.396;1
hambre;Tristeza;0.331;1
harto;Repulsion;0.497;1
hastío;Repulsion;0.563;1
hastioso;Enojo;0.629;1
hechizar;Alegria;0.231;1
hediondo;Repulsion;0.864;1
helado;Miedo;0.099;1
helar;Miedo;0.033;1
herida;Repulsion;0.33;1
hermandad;Alegria;0.561;1
hiel;Enojo;0.595;1
hilarante;Alegria;0.63;1
hilarantemente;Alegria;0.597;1
hilaridad;Alegria;0.664;1
hincha;Repulsion;0.664;1
hinchado;Repulsion;0.565;1
hipnotizar;Alegria;0.165;1
histeria;Miedo;0.562;1
histéricamente;Miedo;0.496;1
histérico;Miedo;0.497;1
histerismo;Miedo;0.463;1
holgura;Alegria;0.265;1
hongos;Repulsion;0.396;1
honorable;Alegria;0.53;1
honrar;Alegria;0.396;1
honrosamente;Alegria;0.429;1
horrendamente;Miedo;0.731;1
horriblemente;Miedo;0.83;1
hórrido;Miedo;0.731;1
horrificar;Miedo;0.798;1
horripilante;Miedo;0.831;1
horripilar;Miedo;0.798;1
horrísono;Miedo;0.663;1
horrorizado;Miedo;0.898;1
horrorizante;Miedo;0.898;1
horrorizar;Miedo;0.898;1
horrorosamente;Miedo;0.831;1
hospitalario;Alegria;0.563;1
hospitalidad;Alegria;0.629;1
hostigador;Enojo;0.563;1
hostigar;Enojo;0.53;1
hostilidad;Enojo;0.564;1
hostilizar;Enojo;0.564;1
huérfano;Tristeza;0.764;1
huidizo;Miedo;0.764;1
humanidad;Alegria;0.33;1
humanitarismo;Alegria;0.264;1
humilde;Tristeza;0.396;1
humillar;Tristeza;0.496;1
hundido;Tristeza;0.496;1
hundir;Tristeza;0.464;1
hundírsele;Tristeza;0.299;1
identificar;Alegria;0.132;1
idilio;Alegria;0.396;1
idiotizar;Sorpresa;0.099;1
ilusionadamente;Alegria;0.462;1
ilusionar;Alegria;0.495;1
imbécil;Sorpresa;0.033;1
impacientar;Enojo;0.529;1
imperfecto;Tristeza;0.231;1
ímpetu;Alegria;0.529;1
impetuosidad;Alegria;0.463;1
importunar;Enojo;0.496;1
importuno;Enojo;0.462;1
impotencia;Tristeza;0.53;1
impresión;Sorpresa;0.731;1
impresionante;Sorpresa;0.899;1
improperio;Enojo;0.429;1
impúdico;Repulsion;0.496;1
impulsar;Alegria;0.363;1
impuro;Repulsion;0.597;1
inaguantable;Enojo;0.563;1
inaudito;Sorpresa;0.899;1
incasto;Repulsion;0.43;1
incertidumbre;Miedo;0.396;1
inclinación;Alegria;0.099;1
incomodar;Enojo;0.529;1
incomodidad;Enojo;0.463;1
inconforme;Tristeza;0.33;1
inconformidad;Tristeza;0.264;1
inconsolable;Tristeza;0.732;1
incontrol;Enojo;0.363;1
incordiar;Enojo;0.531;1
incordio;Enojo;0.531;1
increible;Sorpresa;0.966;1
increíblemente;Sorpresa;0.899;1
indecente;Repulsion;0.63;1
indeciso;Miedo;0.331;1
indecoroso;Repulsion;0.563;1
indigente;Tristeza;0.398;1
indignación;Enojo;0.563;1
indignado;Enojo;0.597;1
indignante;Enojo;0.597;1
indignar;Enojo;0.597;1
indisponer;Repulsion;0.364;1
inepto;Sorpresa;0.066;1
infamar;Enojo;0.43;1
infame;Repulsion;0.63;1
infausto;Tristeza;0.53;1
infección;Repulsion;0.531;1
infectar;Tristeza;0.297;1
infecto;Repulsion;0.664;1
infedelidad;Tristeza;0.597;1
infelicidad;Tristeza;0.898;1
infeliz;Tristeza;0.966;1
inferior;Tristeza;0.264;1
infortunado;Tristeza;0.73;1
infortunio;Tristeza;0.729;1
infrahumano;Repulsion;0.431;1
inframundo;Repulsion;0.597;1
inhabitado;Tristeza;0.33;1
inicuo;Enojo;0.364;1
injuriante;Repulsion;0.498;1
injurioso;Repulsion;0.597;1
injusticia;Tristeza;0.496;1
inmortalizar;Alegria;0.198;1
inmundo;Repulsion;0.932;1
innoble;Tristeza;0.463;1
inquietantemente;Miedo;0.496;1
inquietar;Miedo;0.463;1
inquieto;Miedo;0.364;1
inquietud;Tristeza;0.231;1
insatisfacción;Tristeza;0.297;1
insecto;Miedo;0.298;1
inseguro;Miedo;0.331;1
insidia;Enojo;0.43;1
inspirar;Alegria;0.53;1
insubordinar;Repulsion;0.365;1
insultante;Repulsion;0.73;1
insultar;Enojo;0.832;1
insurrección;Repulsion;0.264;1
insurreccionar;Repulsion;0.264;1
interés;Alegria;0.33;1
interrogante;Sorpresa;0.298;1
interrogar;Sorpresa;0.331;1
intimidación;Miedo;0.629;1
intimidar;Miedo;0.595;1
intoxicante;Alegria;0.066;1
intranquilo;Repulsion;0.132;1
intratable;Enojo;0.696;1
intrigar;Sorpresa;0.429;1
intrinquilo;Miedo;0.496;1
ira;Enojo;0.966;1
iracundia;Enojo;0.697;1
iracundo;Enojo;0.797;1
irascible;Enojo;0.731;1
irritabilidad;Enojo;0.864;1
irritable;Enojo;0.898;1
irritación;Enojo;0.796;1
irritado;Enojo;0.83;1
irritante;Enojo;0.83;1
irritar;Enojo;0.796;1
jacarero;Alegria;0.664;1
jaqueca;Enojo;0.528;1
jarana;Alegria;0.365;1
jocoso;Alegria;0.564;1
jocundo;Alegria;0.763;1
jorobar;Enojo;0.697;1
jovial;Alegria;0.73;1
júbilo;Alegria;0.83;1
jubilosamente;Alegria;0.73;1
jubiloso;Alegria;0.731;1
juerga;Alegria;0.531;1
lacerar;Tristeza;0.529;1
laceria;Tristeza;0.463;1
lacrimoso;Tristeza;0.63;1
lágrima;Tristeza;0.763;1
lagrimar;Tristeza;0.763;1
lágrimas;Tristeza;0.763;1
lagrimear;Tristeza;0.762;1
lagrimoso;Tristeza;0.662;1
laido;Tristeza;0.53;1
lamentable;Tristeza;0.629;1
lamentablemente;Tristeza;0.597;1
lamentar;Tristeza;0.729;1
lamento;Tristeza;0.729;1
lamentoso;Tristeza;0.729;1
lánguidamente;Tristeza;0.496;1
lánguido;Tristeza;0.496;1
larga;Tristeza;0.066;1
lastima;Tristeza;0.73;1
lastimeramente;Tristeza;0.696;1
lastimero;Tristeza;0.73;1
lastimoso;Tristeza;0.763;1
latoso;Enojo;0.63;1
laudable;Alegria;0.363;1
leal;Alegria;0.463;1
lealtad;Alegria;0.463;1
ledamente;Alegria;0.731;1
lelo;Sorpresa;0.066;1
lengüicorto;Miedo;0.397;1
lenificar;Alegria;0.265;1
lenizar;Alegria;0.199;1
lepra;Repulsion;0.765;1
levantar;Alegria;0.198;1
libre;Alegria;0.696;1
licencioso;Repulsion;0.63;1
lisonjero;Alegria;0.73;1
llanto;Tristeza;0.865;1
llegar;Sorpresa;0.165;1
llenar;Alegria;0.33;1
llevar;Sorpresa;0.132;1
llorar;Tristeza;0.865;1
llorón;Tristeza;0.763;1
lloroso;Tristeza;0.797;1
loable;Alegria;0.33;1
lóbregamente;Tristeza;0.463;1
lóbrego;Tristeza;0.464;1
loco;Enojo;0.396;1
lograr;Alegria;0.663;1
lrascible;Enojo;0.463;1
lucro;Alegria;0.198;1
luctuosamente;Tristeza;0.83;1
luctuoso;Tristeza;0.898;1
lúgubre;Tristeza;0.865;1
lugubres;Tristeza;0.865;1
luto;Tristeza;0.932;1
lutoso;Tristeza;0.932;1
macabro;Tristeza;0.199;1
magia;Alegria;0.561;1
magnetizar;Alegria;0.132;1
magnifíco;Alegria;0.798;1
magno;Alegria;0.365;1
majadero;Enojo;0.63;1
majo;Alegria;0.429;1
malandante;Tristeza;0.363;1
malasangre;Repulsion;0.798;1
malaventurado;Tristeza;0.63;1
malcontento;Tristeza;0.563;1
maldad;Miedo;0.596;1
maldición;Enojo;0.664;1
malévolo;Enojo;0.595;1
malhadado;Tristeza;0.529;1
malhumor;Enojo;0.764;1
malhumorado;Enojo;0.797;1
malhumorar;Tristeza;0.297;1
malicia;Enojo;0.595;1
maliciar;Enojo;0.562;1
malignidad;Enojo;0.462;1
malpensado;Enojo;0.33;1
maltrecho;Tristeza;0.33;1
malvadamente;Enojo;0.495;1
mancha;Repulsion;0.496;1
maravilla;Sorpresa;0.899;1
maravilloso;Sorpresa;0.966;1
marrano;Repulsion;0.664;1
martirio;Enojo;0.298;1
martirizar;Enojo;0.397;1
medrana;Miedo;0.797;1
medroso;Miedo;0.831;1
mefítico;Repulsion;0.664;1
mejorar;Alegria;0.529;1
melancolía;Tristeza;0.865;1
melancólicamente;Tristeza;0.865;1
melancólico;Tristeza;0.865;1
meloso;Alegria;0.396;1
menesteroso;Tristeza;0.462;1
menguante;Tristeza;0.099;1
mezquinamente;Tristeza;0.231;1
mezquindad;Tristeza;0.231;1
mieditis;Miedo;0.831;1
miedoso;Miedo;0.932;1
milagro;Sorpresa;0.764;1
miramiento;Alegria;0.231;1
mirar;Alegria;0.165;1
mirífico;Sorpresa;0.933;1
miserable;Tristeza;0.628;1
miserablemente;Tristeza;0.661;1
míseramente;Tristeza;0.596;1
miseria;Tristeza;0.596;1
misericordia;Alegria;0.198;1
mísero;Tristeza;0.562;1
misérrimamente;Tristeza;0.463;1
misoneísmo;Enojo;0.099;1
misterio;Sorpresa;0.331;1
mistificar;Sorpresa;0.132;1
mitigar;Alegria;0.165;1
moco;Repulsion;0.798;1
mohíno;Enojo;0.498;1
molesto;Enojo;0.696;1
molestoso;Enojo;0.696;1
mollar;Alegria;0.099;1
monstruosamente;Miedo;0.797;1
monstruoso;Miedo;0.831;1
mórbido;Repulsion;0.398;1
morboso;Repulsion;0.73;1
morriña;Tristeza;0.532;1
mortificar;Enojo;0.397;1
mortuorio;Miedo;0.764;1
mosca;Repulsion;0.531;1
mosconear;Enojo;0.332;1
motivar;Alegria;0.597;1
mounstro;Miedo;0.797;1
mover;Alegria;0.099;1
mudo;Sorpresa;0.198;1
muerto;Tristeza;0.731;1
mugre;Repulsion;0.732;1
mustiamente;Tristeza;0.298;1
mustio;Tristeza;0.365;1
náusea;Repulsion;0.865;1
nauseabundamente;Repulsion;0.831;1
nauseabundo;Repulsion;0.865;1
nausear;Repulsion;0.831;1
náuseas;Repulsion;0.898;1
neblina;Miedo;0.33;1
necesitado;Tristeza;0.497;1
nefando;Sorpresa;0.066;1
negro;Tristeza;0.198;1
nervioso;Enojo;0.165;1
niebla;Miedo;0.331;1
nocturno;Tristeza;0.033;1
noqueado;Sorpresa;0.297;1
noquear;Sorpresa;0.231;1
nostálgico;Tristeza;0.831;1
nublar;Miedo;0.099;1
obsceno;Repulsion;0.764;1
obscuridad;Tristeza;0.265;1
obscuro;Tristeza;0.265;1
obstaculizar;Enojo;0.231;1
obtuso;Sorpresa;0.066;1
odiar;Enojo;0.932;1
odiosamente;Repulsion;0.73;1
odioso;Repulsion;0.764;1
ofender;Repulsion;0.697;1
ofensa;Enojo;0.764;1
ofensividad;Enojo;0.729;1
oferta;Alegria;0.165;1
ofuscar;Sorpresa;0.264;1
ominar;Miedo;0.231;1
onerosamente;Tristeza;0.165;1
opacidad;Tristeza;0.264;1
opimo;Alegria;0.396;1
opíparo;Alegria;0.396;1
oponer;Repulsion;0.363;1
opresivamente;Tristeza;0.396;1
opresivo;Tristeza;0.363;1
oprimente;Tristeza;0.396;1
oprimir;Tristeza;0.198;1
orgullo;Alegria;0.596;1
orgullosamente;Alegria;0.697;1
orgulloso;Alegria;0.531;1
orina;Repulsion;0.563;1
oscuramente;Tristeza;0.033;1
oscurecer;Tristeza;0.066;1
oscuridad;Tristeza;0.099;1
oscuro;Tristeza;0.066;1
ovación;Alegria;0.796;1
ovacionar;Alegria;0.663;1
pacificar;Alegria;0.332;1
padecer;Tristeza;0.429;1
padecimiento;Tristeza;0.429;1
paladear;Alegria;0.33;1
palidecer;Miedo;0.53;1
palido;Miedo;0.529;1
palmas;Alegria;0.496;1
pánico;Miedo;0.898;1
parranda;Alegria;0.628;1
partir;Tristeza;0.596;1
pasión;Alegria;0.763;1
pasmar;Sorpresa;0.597;1
pasmo;Sorpresa;0.398;1
pasmosamente;Sorpresa;0.431;1
pasmoso;Sorpresa;0.564;1
patético;Tristeza;0.165;1
patológico;Repulsion;0.332;1
paupérrimamente;Tristeza;0.232;1
paupérrimo;Tristeza;0.232;1
pávido;Miedo;0.763;1
pavor;Miedo;0.898;1
pavorosamente;Miedo;0.83;1
pavoroso;Miedo;0.83;1
paz;Alegria;0.63;1
pecaminoso;Repulsion;0.464;1
pedo;Repulsion;0.865;1
pelea;Enojo;0.73;1
penalidad;Tristeza;0.331;1
penar;Tristeza;0.628;1
pendenciar;Enojo;0.463;1
pendenciero;Enojo;0.463;1
penitencia;Tristeza;0.496;1
penitente;Tristeza;0.496;1
penosamente;Tristeza;0.396;1
penoso;Tristeza;0.363;1
perder;Tristeza;0.629;1
pérdida;Tristeza;0.864;1
pérfido;Repulsion;0.766;1
perinquina;Repulsion;0.763;1
pernicioso;Enojo;0.396;1
perplejidad;Sorpresa;0.731;1
perplejo;Sorpresa;0.764;1
pervertir;Repulsion;0.698;1
pesado;Enojo;0.264;1
pesadumbre;Tristeza;0.496;1
pesar;Tristeza;0.562;1
pesaroso;Tristeza;0.496;1
pesimismo;Tristeza;0.429;1
pésimo;Repulsion;0.63;1
peste;Repulsion;0.864;1
piadoso;Alegria;0.363;1
picar;Enojo;0.132;1
piedad;Alegria;0.297;1
pique;Enojo;0.429;1
pisotear;Tristeza;0.33;1
placentero;Alegria;0.796;1
placer;Alegria;0.864;1
pleitesía;Alegria;0.199;1
pobre;Tristeza;0.462;1
pobremente;Tristeza;0.396;1
pobrete;Tristeza;0.363;1
pobreto;Tristeza;0.363;1
pobreza;Tristeza;0.396;1
podrido;Repulsion;0.797;1
popo;Repulsion;0.797;1
pornográfico;Repulsion;0.663;1
portento;Sorpresa;0.696;1
portentosamente;Sorpresa;0.63;1
portentoso;Sorpresa;0.696;1
poseído;Miedo;0.63;1
preferencia;Alegria;0.397;1
preguntar;Sorpresa;0.198;1
premonición;Miedo;0.33;1
prender;Enojo;0.231;1
preocupación;Miedo;0.529;1
preocupadamente;Miedo;0.563;1
preocupado;Miedo;0.53;1
preocupar;Tristeza;0.462;1
prerrogativa;Alegria;0.231;1
preservar;Alegria;0.165;1
presionar;Tristeza;0.264;1
presumir;Alegria;0.264;1
prever;Alegria;0.264;1
privar;Tristeza;0.496;1
privilegio;Alegria;0.463;1
probar;Alegria;0.198;1
procaz;Repulsion;0.565;1
prodigiosamente;Sorpresa;0.596;1
prodigiosidad;Sorpresa;0.563;1
prodigioso;Sorpresa;0.629;1
profusión;Alegria;0.198;1
propiciar;Alegria;0.264;1
propicio;Alegria;0.33;1
próspero;Alegria;0.762;1
protectoramente;Alegria;0.231;1
proteger;Alegria;0.231;1
protervo;Repulsion;0.664;1
provecho;Alegria;0.463;1
provechoso;Alegria;0.53;1
providencial;Alegria;0.231;1
provocación;Enojo;0.561;1
provocar;Enojo;0.528;1
puaf;Repulsion;0.165;1
puchero;Enojo;0.231;1
puercamente;Repulsion;0.864;1
puerco;Repulsion;0.763;1
pugna;Enojo;0.198;1
pugnante;Enojo;0.165;1
pujanza;Alegria;0.165;1
punzar;Enojo;0.165;1
pus;Repulsion;0.765;1
pusilánime;Miedo;0.364;1
pusilanimidad;Miedo;0.364;1
putrido;Repulsion;0.865;1
quebranto;Tristeza;0.628;1
quedar;Sorpresa;0.33;1
quejar;Enojo;0.561;1
querellar;Enojo;0.529;1
querer;Alegria;0.63;1
quicio;Enojo;0.596;1
quietud;Alegria;0.198;1
quillotrar;Alegria;0.363;1
quimérico;Sorpresa;0.364;1
quisicosa;Sorpresa;0.33;1
rabiosamente;Enojo;0.864;1
rabioso;Enojo;0.797;1
radiante;Alegria;0.53;1
rastrero;Repulsion;0.564;1
ratificar;Alegria;0.132;1
realización;Alegria;0.364;1
realizar;Alegria;0.231;1
recelo;Miedo;0.531;1
receloso;Miedo;0.497;1
rechazamiento;Repulsion;0.664;1
rechazar;Repulsion;0.73;1
rechazo;Repulsion;0.696;1
recibir;Sorpresa;0.364;1
recoger;Alegria;0.132;1
recogimiento;Alegria;0.132;1
recomendar;Alegria;0.297;1
recompensa;Alegria;0.629;1
reconfortante;Alegria;0.797;1
reconfortar;Alegria;0.696;1
recrear;Alegria;0.497;1
reducir;Tristeza;0.099;1
refocilar;Alegria;0.563;1
regalo;Alegria;0.764;1
regañadientes;Enojo;0.728;1
regaño;Enojo;0.729;1
regocijadamente;Alegria;0.763;1
regocijar;Alegria;0.696;1
regocijo;Alegria;0.764;1
regodear;Alegria;0.43;1
regodeo;Alegria;0.363;1
reherir;Repulsion;0.629;1
reidor;Alegria;0.798;1
relamer;Alegria;0.396;1
remordimiento;Tristeza;0.595;1
rencilloso;Enojo;0.496;1
rencorosamente;Enojo;0.73;1
rencoroso;Enojo;0.764;1
reparación;Alegria;0.198;1
repeler;Repulsion;0.697;1
repelo;Repulsion;0.664;1
repente;Sorpresa;0.63;1
repentino;Sorpresa;0.696;1
reproducir;Alegria;0.264;1
repudiable;Repulsion;0.898;1
repudio;Repulsion;0.898;1
repugnadamente;Repulsion;0.932;1
repugnante;Repulsion;0.932;1
repugnantemente;Repulsion;0.932;1
repulsar;Repulsion;0.932;1
repulsión;Repulsion;0.966;1
repulsivamente;Repulsion;1;1
repulsivo;Repulsion;1;1
resentido;Enojo;0.731;1
resentimiento;Enojo;0.731;1
resentir;Enojo;0.698;1
respetar;Alegria;0.531;1
respeto;Alegria;0.497;1
respetuoso;Alegria;0.531;1
respingar;Enojo;0.396;1
resplandecer;Alegria;0.598;1
resquemor;Enojo;0.298;1
retar;Enojo;0.396;1
revancha;Enojo;0.33;1
reverencia;Alegria;0.364;1
riña;Enojo;0.764;1
risa;Alegria;0.932;1
risueño;Alegria;0.932;1
rivalidad;Enojo;0.595;1
rodeor;Miedo;0.231;1
romántico;Alegria;0.63;1
rompecabezas;Sorpresa;0.099;1
rufián;Repulsion;0.697;1
ruin;Repulsion;0.731;1
ruina;Tristeza;0.43;1
saber;Alegria;0.297;1
saborear;Alegria;0.43;1
saciar;Alegria;0.464;1
saciedad;Alegria;0.464;1
sandunga;Alegria;0.629;1
sanguinario;Miedo;0.629;1
saña;Enojo;0.763;1
sañoso;Enojo;0.629;1
satan;Miedo;0.631;1
satisfacción;Alegria;0.864;1
satisfacer;Alegria;0.83;1
satisfacible;Alegria;0.763;1
satisfactoriamente;Alegria;0.831;1
satisfactorio;Alegria;0.831;1
satisfecho;Alegria;0.864;1
secreción;Repulsion;0.697;1
secuestro;Miedo;0.765;1
seducción;Alegria;0.529;1
seducir;Alegria;0.496;1
seductivo;Alegria;0.596;1
seguro;Alegria;0.465;1
selecto;Alegria;0.364;1
serenar;Alegria;0.231;1
sereno;Alegria;0.198;1
serio;Tristeza;0.132;1
sevicia;Miedo;0.495;1
shock;Sorpresa;0.664;1
shoqueado;Sorpresa;0.731;1
simpatía;Alegria;0.797;1
simpático;Alegria;0.83;1
simpatizar;Alegria;0.83;1
sincero;Alegria;0.397;1
soberbio;Alegria;0.165;1
sobresaltar;Miedo;0.729;1
sobresalto;Sorpresa;0.565;1
sociable;Alegria;0.53;1
solaz;Alegria;0.198;1
solazar;Alegria;0.264;1
soledad;Tristeza;0.763;1
solidaridad;Alegria;0.464;1
solitario;Tristeza;0.83;1
sollozar;Tristeza;0.798;1
solo;Tristeza;0.729;1
sombra;Miedo;0.264;1
sombrío;Tristeza;0.397;1
sonriente;Alegria;0.966;1
sonso;Sorpresa;0.066;1
sórdido;Repulsion;0.697;1
sorprendente;Sorpresa;0.966;1
sorprendentemente;Sorpresa;0.932;1
sorprender;Sorpresa;0.966;1
sorpresa;Sorpresa;0.966;1
sorpresivamente;Sorpresa;0.966;1
sorpresivo;Sorpresa;0.966;1
sortilegio;Alegria;0.264;1
sosegar;Alegria;0.264;1
suave;Alegria;0.231;1
suavidad;Alegria;0.231;1
subito;Sorpresa;0.662;1
submundo;Repulsion;0.498;1
subyugar;Alegria;0.099;1
sucio;Repulsion;0.73;1
sufrimiento;Tristeza;0.898;1
sufrir;Tristeza;0.898;1
sumisamente;Tristeza;0.43;1
superabundancia;Alegria;0.564;1
superabundante;Alegria;0.63;1
suplicio;Enojo;0.298;1
suspender;Alegria;0.099;1
taciturnidad;Tristeza;0.431;1
taciturno;Tristeza;0.464;1
tambaleante;Sorpresa;0.132;1
tambalear;Sorpresa;0.132;1
temblor;Miedo;0.562;1
temer;Miedo;0.932;1
temerosamente;Miedo;0.864;1
temeroso;Miedo;0.898;1
temible;Miedo;0.932;1
temorosamente;Miedo;0.864;1
tenebrosamente;Tristeza;0.198;1
tenebrosidad;Tristeza;0.132;1
tenebroso;Tristeza;0.132;1
terneza;Alegria;0.397;1
ternura;Alegria;0.529;1
terremoto;Miedo;0.631;1
terrible;Miedo;0.898;1
terriblemente;Miedo;0.796;1
terror;Miedo;0.966;1
terrorífico;Miedo;0.898;1
tesón;Alegria;0.132;1
tétrico;Tristeza;0.199;1
tiernamente;Alegria;0.53;1
tierno;Alegria;0.53;1
tímidamente;Miedo;0.596;1
timidez;Miedo;0.497;1
tímido;Miedo;0.531;1
timorato;Miedo;0.631;1
titubeante;Sorpresa;0.099;1
titubear;Sorpresa;0.099;1
torear;Enojo;0.297;1
tragedia;Miedo;0.561;1
tranquilizar;Alegria;0.364;1
tranquilo;Alegria;0.397;1
transportar;Alegria;0.199;1
traspiés;Sorpresa;0.033;1
tratable;Alegria;0.297;1
tremebundo;Miedo;0.731;1
tripas;Repulsion;0.463;1
triste;Tristeza;0.966;1
tristemente;Tristeza;0.966;1
tristeza;Tristeza;0.966;1
triunfador;Alegria;0.796;1
triunfal;Alegria;0.796;1
triunfalmente;Alegria;0.728;1
triunfante;Alegria;0.796;1
triunfantemente;Alegria;0.796;1
triunfar;Alegria;0.83;1
triunfo;Alegria;0.864;1
trizas;Tristeza;0.464;1
tropelía;Enojo;0.297;1
tuitivo;Alegria;0.298;1
ubérrimo;Alegria;0.165;1
ufanamente;Alegria;0.132;1
ufanía;Alegria;0.099;1
ufano;Alegria;0.132;1
ultimar;Alegria;0.165;1
ultimatum;Miedo;0.297;1
ultrajante;Repulsion;0.596;1
ultrajar;Enojo;0.595;1
ultraje;Enojo;0.596;1
ultratumba;Miedo;0.663;1
unción;Alegria;0.231;1
unión;Alegria;0.297;1
usgo;Repulsion;0.765;1
útil;Alegria;0.429;1
valía;Alegria;0.43;1
valimiento;Alegria;0.331;1
valorar;Alegria;0.497;1
vehemencia;Alegria;0.331;1
vehemente;Alegria;0.331;1
vencedor;Alegria;0.696;1
veneración;Alegria;0.496;1
venerar;Alegria;0.463;1
venganza;Enojo;0.864;1
vengar;Enojo;0.864;1
vengativo;Enojo;0.864;1
ventajosamente;Alegria;0.297;1
ventajoso;Alegria;0.33;1
venturosamente;Alegria;0.53;1
venturoso;Alegria;0.63;1
verecundia;Miedo;0.264;1
verecundio;Miedo;0.264;1
verecundo;Miedo;0.264;1
vesania;Enojo;0.698;1
vesánico;Enojo;0.665;1
victorear;Alegria;0.563;1
victoria;Alegria;0.763;1
victorioso;Alegria;0.797;1
vigor;Alegria;0.497;1
vil;Repulsion;0.696;1
vilipendiar;Enojo;0.529;1
vilipendio;Enojo;0.496;1
vinagre;Enojo;0.165;1
violencia;Enojo;0.932;1
violento;Enojo;0.932;1
viperino;Enojo;0.132;1
víscera;Repulsion;0.631;1
viscoso;Repulsion;0.464;1
vitando;Miedo;0.397;1
vítor;Alegria;0.297;1
vitorear;Alegria;0.297;1
vituperio;Enojo;0.264;1
vivaz;Alegria;0.563;1
viveza;Alegria;0.629;1
vivificar;Alegria;0.563;1
vivir;Alegria;0.63;1
vomito;Repulsion;0.899;1
voraz;Enojo;0.231;1
zahiriente;Repulsion;0.731;1
zangarriana;Tristeza;0.53;1
zonzo;Sorpresa;0.066;1
zopenco;Sorpresa;0.066;1
